amount,time,v1,v2,v3,class
3.88,15.58,-0.2247456205149846,-1.3462749832381498,0.1268793967486328,0
100.53,32.96,1.157346311723567,0.12649323990899375,1.4227991502650217,0
74.25,13.76,1.6884421557461313,-2.588236607468902,0.7625617821222722,0
244.09,61.35,-0.930664217960387,0.11151390236901726,-1.133169634056446,0
94.18,8.83,-0.5493598549354416,-2.0299186217867327,-1.503956716769212,0
124.86,38.38,-1.5534277984667928,-1.0627796137886645,-1.9731744856680598,0
4.73,23.83,0.2349778748162469,-1.3308069575192696,1.44660438332594,0
30.13,17.53,-0.4873894162901053,-1.08208681351158,-0.8228400772783984,0
17.44,14.48,0.16984469724903012,-1.573708584832589,-2.0022152385129175,0
175.65,47.9,1.0544121122194114,0.029168284899363517,-0.12890180227655035,0
174.63,21.93,-0.44309487395607067,-2.8319399284741515,-1.571623210874448,0
75.9,10.72,2.569907035475335,0.9926051298558801,0.3218438113679798,1
27.21,6.82,0.6198091075303009,-2.063973001758184,-2.242659131337946,0
64.81,11.53,0.01424416401371203,-2.407374161936458,0.17534959484628654,0
35.73,30.68,-0.21645222277144752,-0.9796337105738849,1.9748965069476534,0
34.84,19.61,-1.1874654017384385,-0.9780123683934284,-0.38385507555079446,0
0.3,20.99,-0.4652168666180802,-1.4514779587544766,0.7803861650614762,0
26.27,21.42,-0.9788142460811394,-0.9447456825303951,0.6185764586330361,0
19.11,11.34,0.3770920937424761,1.177459397119478,-0.566647337129476,1
18.15,18.41,0.5863329755781368,-0.9820865310827187,0.35761104607949024,0
242.44,36.44,0.8266415353898965,-2.4793426552083795,0.2970143083880592,0
25.94,23.35,-0.7922983922041061,-1.0285476840987464,0.8410135713849072,0
152.78,42.53,-0.14655853569167893,-0.877464581764968,-2.2788663679008323,0
13.62,13.53,0.3562167098144623,-0.752577616837845,0.16537669255232368,0
71.34,24.9,0.23882938618641383,-0.28077407356381845,0.3741563642338508,0
30.19,24.94,1.2613181018500463,-1.0551862816147417,0.8616968771277991,0
67.01,33.41,1.5991566845286143,-0.5838710338762807,1.7047991420301394,0
1.45,10.99,-2.899893780274999,-1.2072117111810263,-0.8364760723783844,0
18.4,2.16,-1.2352804947662746,0.5967691716181407,0.9108561569848841,1
65.77,29.01,-0.3125161606756704,-0.361007445839303,1.399681426055734,0
31.15,22.31,0.8039193308807204,-0.8908373663633541,0.6560354907528966,0
36.46,19.39,0.2829461845074849,-1.96441536871945,1.3253926852538556,0
85.95,31.88,-0.28616863668797066,-0.01952154472253964,1.6917407901341464,0
33.45,18.34,1.0728867429928937,-0.7566377061529034,4.959801345227888e-05,0
21.73,15.2,-0.3341364484598427,-0.7234755705633834,0.11367659104023775,0
202.87,53.39,-1.847408384527915,-0.16927020283311078,-1.1003618934980768,0
5.02,11.96,-0.5124052146241178,-1.609485573443614,-1.2814501919345163,0
158.74,19.09,-0.7206260575907678,-2.7255517000828733,-1.6374980198060558,0
93.04,31.59,0.10940759902005842,-0.9323775348457709,-1.1828218081855488,0
29.18,17.27,0.1310207620786982,-0.7242221084346567,0.10942547962916616,0
80.62,34.2,0.9344277832313074,-0.284233834991259,1.8329426155722395,0
13.97,9.49,-0.2855036969711149,-1.1439811499636525,-0.06362707448092153,0
94.86,5.65,-0.2781192303112381,-2.5209284520017414,-2.048920583588611,0
226.44,34.57,1.3369204375647132,-3.121886148340178,-1.9417561183352565,0
81.41,25.51,-0.5974233651432281,-0.010559774867020089,0.6008978730706991,0
31.24,18.92,0.14280939244258323,-1.1621518020844417,-0.7963881059494818,0
13.48,21.16,-0.5790453361681495,-1.7113826870432762,0.975934941986768,0
22.16,17.17,-1.1378071596536348,-0.9643676111726209,-0.11263345613506925,0
317.76,78.51,-1.645592614041814,0.6079567221080491,-0.5657610631331644,0
201.72,53.48,0.3144794724834049,-0.32998958871096096,-1.4306636136195412,0
40.77,20.78,-0.7492156170889224,-0.5828209732140459,0.5422181872879417,0
17.84,21.84,0.024857503751269192,-1.110198519590306,0.7909875708110132,0
202.47,52.59,-0.8908896119420586,0.4282688070050038,0.3061737398363038,0
29.3,17.97,0.18676205484824018,-1.9688131319818285,0.5686997955559077,0
31.59,22.44,0.1848678838526347,-0.8196756682261253,0.8450207883755073,0
165.41,46.12,-0.639230561280132,-0.318378326093286,-0.8027817996381107,0
34.94,18.47,0.5767938239138171,-0.7349876641258001,-0.005488386826725256,0
39.5,22.12,0.5963970691176537,-0.7390161500136903,0.5051791047297622,0
114.18,19.61,-1.001062213384433,1.5731037764077729,1.4521402794781846,1
61.0,15.88,1.7701676156472728,0.014909824433250396,-0.19745813636783827,0
42.06,10.88,1.0357246425830327,-1.9456021929528022,-0.14384887630696208,0
61.84,0.83,1.5080475914191533,-2.3424303146445364,-2.5349342478395247,0
7.09,18.21,0.6731320206897123,-1.506132185405677,0.47824954832451594,0
56.7,22.35,0.6301487764278614,-0.9316371717139538,-0.9928683384607686,0
108.97,32.62,-1.3257937713542476,-0.1882928291141982,0.015903399059508327,0
215.92,56.05,-0.09530972104935061,0.00936893421435081,-0.8480250051668736,0
13.73,17.12,-0.2960461003212362,-1.6033320803235922,0.38975036686844844,0
82.84,3.97,1.1512196407856137,-1.7655766164326174,-0.44229043465629103,0
85.18,13.8,-2.21004278929018,1.2880365195944448,1.2007559000356962,1
56.56,24.06,-0.6872265309140099,-1.1188746007973704,-1.0994008681374392,0
7.09,12.95,-0.8259841780265164,-0.7488874885276071,0.44383900328844006,0
48.57,28.79,-0.8177154757301307,-0.7489443485439249,1.3854117265999006,0
86.51,30.05,-2.2332788193557644,-1.7484388495045615,-3.2525468684257275,0
40.92,8.05,-1.396934091467959,0.34590959541302035,0.17466575093972037,1
133.1,38.17,-1.47423727889541,-0.3466847273446704,-0.6522659379038362,0
104.5,31.62,-0.2621451438679057,-0.5033803371980301,-0.7536986814107687,0
85.28,31.29,1.5587980694978887,-1.124638443132016,-1.2795254334448694,0
35.46,5.11,-0.8160378953942717,0.6274652904511273,0.5984897122449937,1
102.01,30.85,0.5886526793824348,-0.8946204310219661,-1.7914467059606682,0
46.25,24.53,-0.7730834555704812,-0.7986336919896266,0.46502715229157054,0
217.6,55.24,0.19332032475446598,-0.23144714790198895,-1.7531983943174867,0
160.99,43.35,-1.4019080677162379,-0.5659717958654309,-1.785268986386418,0
248.67,63.67,1.150607550593069,0.545814819693577,0.22738256650587774,0
148.09,41.73,-0.8047245724183811,-1.0866045654307843,-2.7143213418641805,0
6.31,8.19,0.21482650611660128,-1.1866524449134177,-0.9232113607303134,0
86.67,6.12,-0.7286780669457907,-1.9224715737788562,-1.0869839374255472,0
81.14,27.69,-0.5253888696369459,-0.5239433789444213,-0.24731408145544975,0
58.44,28.42,-1.27040874397943,-0.5290415350517872,1.2768302298820622,0
41.29,35.48,1.068959535275138,-1.1080539458652339,2.3502502280497692,0
35.93,15.91,0.12652320501805506,-0.48154020334164227,0.03629410398219701,0
75.02,33.29,-1.5763517088994359,-0.37257361710415837,1.7422843800285803,0
55.45,23.88,1.013455821741101,-0.47062247527324996,0.6213438450918939,0
64.82,24.95,0.6795756851606412,-0.5542872234419571,0.06574958187901658,0
180.93,49.26,-0.13415564209226424,-1.154912300427036,-3.2407869989190567,0
18.27,16.37,1.6739015887420603,-1.3082218479965886,-0.9461642135636754,0
32.4,18.45,0.07272462740328739,-1.7505699984973364,-2.503299875061124,0
86.39,29.42,-0.8067463802094889,-0.42307835583878706,0.07513652871663923,0
1.69,26.22,-0.1358547163882445,-1.5484354892373646,1.5857569842539885,0
131.12,38.34,1.0043766347631322,-0.23337307274828967,-0.19934112736378995,0
196.22,50.42,-2.627065356808166,0.8428531158989375,1.293970199260744,1
78.33,17.95,0.21741657568671346,0.5336666409762476,0.5555604810984962,1
91.27,30.89,-0.28839220030029905,-1.3764138065939198,-2.3853364251347746,0
0.5,21.72,-0.7242465320583404,-1.3796976890147699,1.1152192466402095,0
321.4,76.02,-1.2744928824990227,0.9709677685806322,-0.3833109406609887,0
38.41,22.2,0.4874139269048432,-0.5819821581326547,0.9972664579391463,0
70.68,27.4,0.7903785250428523,-0.8883464804728366,-0.6248722172646306,0
142.75,41.51,-0.10172002555304499,-0.27686217862441476,-0.3249860332429374,0
61.47,41.52,0.6356615967509606,-0.8728491098757536,3.0585834606396993,0
89.32,28.94,1.32596997047509,-0.5972408245921523,-0.6617741521999647,1
52.71,21.98,-0.47434544190347283,-0.38798831466962114,0.5867484292240519,0
9.65,14.6,0.785812009296809,-1.5858115203135439,-1.5336018998738257,0
40.27,16.77,0.677359521686422,-2.0856485267311955,0.6691494759718422,0
68.14,28.16,1.4182403547575644,-0.3221777537961156,1.171271645400016,0
89.04,12.32,0.02194380821533224,-2.908959751055267,0.5107266044381424,0
55.46,28.53,1.4644543122672997,-0.5109787499204217,1.5296462291775592,0
10.76,10.09,-1.0637896161020317,-0.762740356256646,0.8673554235358001,0
28.3,22.1,-0.33849396429229733,-0.8933162680997521,0.7785465649014269,0
0.4,11.03,0.7641052963280948,-1.4911312979064306,-1.4557467556668953,0
36.01,22.29,1.142699916235183,0.9566617014556312,-0.18622544830535048,1
143.35,40.99,0.40191895517392295,-0.4112868687107194,-0.8271043149132075,0
88.06,32.4,1.0877398432337475,-0.044606481931012354,1.6128506204177788,0
128.48,14.13,0.9200114600053961,-1.7527659337100836,0.14536630692095764,0
26.38,16.79,-0.038140085441648916,-1.7504171037397511,-2.4996262609305053,0
65.87,26.27,-0.38479553417306533,-1.278026464333393,-1.5956595236269993,0
67.78,34.08,-0.33869133992187517,-0.5476923178168525,1.8991135723719719,0
94.98,8.43,0.31470630755446866,-1.6569160280230006,-0.39402571386132923,0
1.99,34.56,-1.1221532378809973,2.00119546283815,-2.2067119994724673,1
222.49,57.41,2.1205681204305016,0.140264671411789,-0.6069016453769309,0
207.24,31.01,-0.5655112882176463,-2.7184548815018,-1.2776306441759873,0
64.18,27.77,0.5736870300025537,-0.39767821813102666,1.1292880780290129,0
71.75,26.51,-0.3674105867948155,-0.6758940542799273,-0.33014051033946623,0
30.52,18.99,0.38124426647807275,-0.9673706747640048,-0.22883808885382795,0
182.21,50.49,1.5055451919058283,-0.07377899399535115,-0.23181727789960582,0
45.54,31.14,1.180490877972961,-0.8257354896559844,1.8812372022836423,0
6.23,17.51,1.8276809829496963,-1.4061667944082563,0.5345309632651778,0
54.33,23.38,-0.8974915631672096,-0.5244979875244398,0.43847801830951105,0
69.84,2.34,1.6512365786872862,-1.6438275210635585,-0.5564657109894291,0
97.07,40.51,-0.08804446917604382,-0.14398924351812925,2.5773928933832293,0
120.4,37.08,-0.6240987123257102,0.030444025913062722,0.865292518420471,0
39.41,24.61,-0.18138540310928583,-0.8298878137192485,0.8163235798059465,0
103.26,8.7,-0.5777505081541768,-2.3587775901039714,-1.7827019376023117,0
25.82,6.5,-1.368268938725629,-1.3815330797708676,-0.6163343604072021,0
30.17,6.03,0.847932173353264,-1.6647941331366132,-1.1931949456754185,0
67.16,0.54,1.4961022334255598,-2.1157742509649147,-1.5571675818839803,0
28.63,28.41,-1.5888184753202212,-1.058548273598618,1.7049583855926547,0
128.62,38.34,-0.3234378675446039,0.5565910536442664,2.0145697291822313,0
35.23,28.68,-0.610022977498356,-0.9317973074287432,1.6945909092316591,0
53.2,22.24,-0.575881712458321,-1.5790436401062193,-2.492757880420985,0
31.16,22.06,0.21294997367162288,-0.8896068492958629,0.6047308946905763,0
78.02,1.65,-0.13592728985576719,-2.5973883499376993,-2.397364322850245,0
61.19,1.45,-0.43874592004829344,-2.224923505982331,-2.404594538103545,0
87.95,24.82,-0.3990988538209255,0.20596177092618317,0.6172990282815729,0
42.08,19.84,0.8455260998852114,-1.117464723156721,-1.1361251853044014,0
20.59,0.56,0.3984491228578794,0.5250418809847943,-0.003335804415672383,1
53.53,0.71,-1.8348080296345557,-1.5170901433058943,-0.5518152361801846,0
81.09,26.31,-0.7005368280095384,-1.2958900308955916,-2.5579219557964605,0
0.32,23.75,0.7143189358736531,-1.4875245046396968,1.2876189951911479,0
98.46,31.05,0.09913833941812458,0.08076137965980679,1.0124384491999554,0
62.29,24.18,0.03390078412545998,-0.9153108505757186,-0.8895484206360109,0
51.48,19.84,0.7661960091741071,-0.41493814311098487,0.12466771091125117,0
87.75,27.74,2.1640073739123564,0.0395915478164488,0.8315807163438157,0
16.53,14.57,-0.8403915362054409,-0.8622377385328976,-0.07164406323869921,0
9.32,22.35,1.4294578020440076,-1.2924543955584673,0.9442653931410677,0
68.06,7.31,-0.5214010918187526,1.4167267344724976,1.158843518470887,1
131.74,14.22,1.1384155206557094,-2.3952894570372063,-1.3540595101411097,0
28.32,21.79,0.5987390159931402,-1.969514310592852,1.341321231137266,0
39.6,25.49,0.9729965453330005,-2.33894777813106,1.8705477473033214,0
32.35,4.84,-0.3279419202673591,-1.6939776743523822,-1.397257417196879,0
86.26,12.51,0.5251903903377283,-2.8167399234553248,0.6245501142436227,0
98.53,32.54,-0.10611951556933184,-1.1692705995962251,-1.9272680581740111,0
50.52,0.46,0.023895096986299567,-2.3785040539484936,-3.0344393745722265,0
43.76,20.27,1.2526157196195573,-1.3920801265672451,-1.861095103609959,0
26.14,29.62,0.326624217565134,-1.201581211674217,1.746427676974386,0
44.13,19.68,-1.0225853502720914,-0.9312411647043898,-0.8116718416042794,0
180.48,50.94,0.07698314140715402,-0.30209844121373386,-0.6226847077714419,0
143.98,40.31,2.484969953586654,0.003348089848575153,0.06967980415602049,0
21.41,20.99,-0.34829345358145714,-1.0129474964024068,0.6410100549546855,0
31.32,5.31,-0.02974165415538386,-2.2529349026933234,-2.814607245320519,0
332.03,79.67,0.4508913752125149,0.9685874423271972,-0.23888423187833463,0
10.32,15.5,0.9179676706663622,-1.1039623943425363,-0.12004208191737664,0
30.29,17.11,-0.5013692716678184,-1.9478412513375547,-3.1828821815644135,0
111.85,38.14,-0.9976745727406487,0.31853070182105947,2.3667948674982426,0
64.12,8.37,-0.927784109060761,-2.1448511244861708,0.12764063126362202,0
19.99,8.64,0.021060198364359507,-1.1611747760856255,0.07221612564121727,0
79.33,21.59,0.13164456691928453,0.16043447810449218,0.31700231641342913,0
26.87,6.62,-0.7250967209741775,-2.004528355384834,-2.1511486586767825,0
69.84,2.77,0.40346891810791735,-2.481834908338079,-2.8363086863403066,0
157.17,19.74,0.184810302489739,-2.1243210051415473,-0.30801431675012647,0
27.71,32.05,1.507633558913684,-1.3125186713681793,1.8943066316212318,0
40.65,4.3,-1.013805932639863,-1.8786228832217613,-1.4931150118570744,0
135.06,40.24,0.5597004724114222,-0.7411693474680698,-1.3461922700096824,0
48.59,1.1,1.2030478522059247,-2.274269229684079,-2.741928593269743,0
209.64,53.18,-0.7602909475639799,-0.3952037094481383,-2.1477609152450334,0
18.78,14.87,-0.28879530269948617,-1.5265723617342744,0.40684650400043243,0
28.11,24.89,-0.7893470120509625,-0.9604314095852355,1.2232826230351392,0
77.78,33.35,-1.0195062023841872,-0.31674377525910424,1.734574954232047,0
16.34,22.1,-1.345583400104966,-1.0727197983976693,1.034976832382185,0
33.22,13.6,-0.25593056166975336,-1.8489701254446813,0.16467468687004094,0
25.42,9.05,0.11038963910769706,-1.4373250583010517,-0.2287368085475694,0
28.45,17.95,-0.6190727365172086,-0.785195626430011,0.14424566003152506,0
82.64,6.38,-0.5626920244402328,-1.2670497477677727,0.32141504004655297,0
37.63,4.13,0.1417658589610795,-1.9480418122789218,-1.8943054100129721,0
130.02,38.46,-0.3773420769478101,-0.36820117181741463,-0.45685167336680466,0
43.55,28.13,-0.9159247272624271,-0.8249854137963937,1.3467513072421653,0
88.89,33.17,-1.0285765255061254,-0.07754571953055389,1.6435392136750475,0
80.96,3.52,-0.7419834280919447,-1.8783688661988465,-0.7505877042220439,0
91.59,32.46,0.9327436083455788,-0.8603332644446614,-0.7163566465892196,0
43.8,19.93,0.07575934319837979,-1.4360373299125804,-2.051736751333769,0
23.3,21.79,-1.1416718217393904,-1.912194267631385,1.1866432971297058,0
132.92,16.23,-0.21242892991046652,-1.843415759251058,-0.2810506881029744,0
72.04,25.24,-0.32894408535730224,-0.4575982074033196,-0.05582859559476916,0
87.77,25.42,0.2666727637833204,0.10461381683916704,0.49305039505447756,0
64.08,2.34,-0.6151876757156072,-1.3718040502768352,-0.19790717259676294,0
61.1,4.58,0.5053265000780651,-2.158977863607223,-0.9212512687356977,0
30.2,16.58,0.2214776976759162,-1.4540765180524884,-2.0064340449641485,0
43.15,28.85,-0.9169275453299295,-0.8543896632264351,1.452104485312264,0
21.92,7.47,0.1443434672966939,-1.3483673729149035,-0.554352417492084,0
166.61,70.02,0.02879081373848167,2.1522471598320125,0.43862605456890325,1
4.57,29.08,-0.15556569452183558,-1.597862029776989,1.9050892876038752,0
58.45,21.75,1.0401885647927522,-0.32240470163052337,0.3602375312699917,0
42.67,18.26,0.0911882738437822,-2.2422047914645917,0.7299441240091582,0
319.21,77.25,-0.8214695290296501,0.5061137530243649,-1.194346381264311,0
16.62,20.86,1.3907324875915426,-1.7947399700988336,0.8826823199138205,0
64.62,23.41,1.9324594974495528,-1.1450571542266388,-1.799640024243958,0
158.9,44.34,-0.06184008396068339,-0.8155853562265275,-2.092469465491263,0
7.74,29.15,-0.6810551606146789,-1.6055898032801208,1.709026944373489,0
66.34,24.27,-0.21903181435247787,-0.8220116168032291,-0.8717284017804663,0
51.12,21.28,-0.9205828940058789,0.2896313371900805,2.2975925095985934,0
98.0,26.11,-0.49605231253974436,0.3558998728763354,0.6789692492558155,0
16.55,27.91,1.2010147611718904,-1.3619812989855364,1.5368412087460226,0
108.21,10.04,0.187538784413962,-1.6881461663048403,-0.025354816817919734,0
17.11,16.4,-0.3754938863522174,-0.8422225898860857,0.34564995047543623,0
149.36,41.3,-1.5443773533483862,0.770134674432321,1.9573612708151105,0
9.39,17.76,-2.664332321074447,-1.1461094722524545,0.31941362271104135,0
48.9,1.45,-0.6590067582323337,-1.512316281914846,-0.6588083035716883,0
147.07,42.0,0.3332400365224288,-0.41853873100466077,-0.8504139152038055,0
177.1,46.89,-0.47386487015952894,-0.16090846562296401,-0.9350032076810076,0
20.96,23.71,-1.595636760889683,1.4992210900852918,0.004205238581898585,1
125.5,13.77,-1.4180599219689365,-2.460873876416128,-1.8049142582088744,0
10.26,14.33,-0.22094226150476054,-1.2172417597222691,-0.6683145835667412,0
55.81,21.2,1.2902611290460646,-1.0478944974821307,-1.4919368993102706,0
131.57,47.52,-0.2828867205196255,0.24440331801807158,3.025511404907888,0
16.88,23.1,0.8074447180083516,-1.177767669406176,0.9471160402337496,0
179.47,22.84,1.410213804814408,-2.8531895694836322,-1.532126092806732,0
143.24,30.83,1.3680984817638127,1.0272562791225732,0.714188731633114,1
56.86,23.1,1.6648018292404523,-0.35422441164834684,0.6671507453947527,0
3.68,23.9,-0.27269458215246056,-1.3907163503518158,1.3694812383726949,0
86.12,31.5,-0.7150632206374263,1.2018376654554919,1.4853404219268402,1
45.69,35.75,-0.8377094318949696,-1.0352435409541374,2.332075939092225,0
42.46,23.65,0.1798310795379064,-0.663648658363934,0.8554917493825793,0
66.66,26.1,1.8381007079616358,-1.5615710669962979,-2.4207421837304657,0
114.84,35.34,0.20001485117174814,-0.20599117661255162,0.2059680470843368,0
158.79,44.03,-0.04546497612900444,0.46234313322379883,1.1784107462089906,0
36.89,11.36,0.32543685943381034,-1.739825606804763,0.18359999569039487,0
59.72,25.94,-0.7563234246285745,-0.481316501426587,0.7821001656062345,0
109.78,31.79,0.004601087097138987,0.12264944104916431,0.596072139480825,0
88.01,3.82,-0.5171370804487624,-2.7564661109471933,-2.6798324302918273,0
110.49,34.86,-0.790012802081076,-1.4478203821327589,-2.872186250317415,0
22.4,33.58,-0.5458425859710776,-1.4310355579874117,2.2409978919886555,0
32.55,25.46,0.9197033140843018,-0.9725884015221001,1.046274784339299,0
9.86,24.44,-1.3162700410740993,-1.3509145466880748,1.2155964394103902,0
35.45,26.86,-0.6958614201447756,-0.9309566224701853,1.285741651283823,0
35.52,26.67,-0.10137825626420019,-1.0106957189382926,1.0311163912165486,0
140.91,15.91,0.6148413973029732,-2.3918388302546205,-1.157083864144863,0
44.13,22.03,0.5573042937804867,-0.8033121724122194,0.036288927154837225,0
128.62,37.82,0.7917964128034704,-0.564490049720294,-1.0228787793300114,0
9.21,21.67,-0.3961260979892287,-1.5917262033208437,1.1409898474703697,0
24.82,26.67,0.702881798595122,-1.1034726418952565,1.4394028051616177,0
298.28,73.19,0.297083451490835,0.7191745373310678,-0.2552827875036683,0
1.96,11.41,-0.36624169747817953,1.009593228736006,0.0233286880000112,1
10.45,11.41,0.3509425048957069,-1.2742022514017448,-0.19693726360626385,0
16.87,11.06,-0.045861259369021544,-0.7655321627500069,-0.605309816514388,0
55.07,26.01,0.6550406137817893,-0.5320282981422428,0.9495220093173242,0
82.0,24.83,-0.5520580017774016,0.7247603765985882,1.447646975040604,1
92.58,4.62,-0.8417119460380091,-2.6613479854445288,-0.3108477030939629,0
17.9,16.65,-0.554337967313331,-1.277262422585112,-0.7817277632312589,0
11.11,31.46,0.9173151613587754,-1.4719140238771187,2.3559591342159436,0
48.72,20.33,0.9898601405859991,-0.03352362286659216,1.3940344995952296,0
69.97,19.6,0.6729432044950393,-0.07451722934095029,-0.16379675555694484,0
140.73,17.61,1.1511294059581902,-2.2578799757071923,-1.1885996534136605,0
79.71,22.85,-0.8063626971363014,-0.044132548472573974,0.03411399716300656,0
17.95,17.65,0.9958719766589276,-1.7066925454636475,0.49341196465229387,0
51.75,40.3,0.031075966875013874,-0.981344360533132,3.0997991205621114,0
258.72,66.24,0.21160038058850683,0.5081823909225549,0.08060013104129138,0
38.76,21.38,-0.3255873571531219,-0.6960839329474644,0.49970426914964394,0
40.92,20.95,-1.3834625118283659,-1.3478064889780217,-1.4258652465098296,0
121.58,37.57,0.5102276451696075,-0.861296406762271,-1.4244703647767967,0
57.99,25.01,-1.8604479999243069,-1.1751791878656188,-1.1241129724904453,0
113.59,35.92,0.12181470577485806,-0.8216308299048973,-1.197034492983559,0
39.37,14.18,-0.19776904470561435,-2.0843262061129453,0.050810675087225365,0
43.96,31.79,-0.23212931854845434,-0.8225622896995002,2.1277859912928485,0
81.05,33.91,1.0366468294192557,-0.37114919881197683,1.5162202716817272,0
31.26,15.88,-1.3582116685261956,-0.7941678492779116,-0.500391827267243,1
266.21,66.71,0.4881048177193057,0.7601226156851537,0.3842790841227255,0
100.73,32.23,-1.253295627303265,-1.7417807187872247,-3.6220409585632436,0
49.53,24.17,-0.8082184087866364,-0.5474624120310216,0.8434160660746333,0
72.51,4.2,-0.6927548576980426,-2.1316061685294603,-2.0737008198267235,0
46.59,27.03,1.308011915661778,-0.7273928930237705,1.176317125465641,0
19.21,14.47,-1.0563279993057415,-1.1353802385774594,-0.9685586421051634,0
23.18,24.03,1.286503119071931,-1.1536602941165461,0.8315723112836523,0
90.48,30.84,0.8947235146471376,0.03203705131171675,1.3232828620225887,0
47.26,3.01,-0.12442732310641852,-1.9319026115571023,-1.5122709260084983,0
30.06,11.23,-0.7345580968654715,-1.8267039552571989,-0.48635129886653794,0
99.33,19.08,-1.7325440243543537,0.9457854461845768,0.6024238262599209,1
73.65,9.93,-0.47326504683304876,-2.4666073353994387,0.2070951223691173,0
154.12,21.47,-0.11994127362647256,-2.9328152700970564,-2.9795770492965437,0
52.67,1.08,1.9044335081747408,-2.148392840877542,-2.1704370043417973,0
145.55,41.62,-1.4760670917717218,-0.4723295752998693,-0.9825371701596383,0
119.1,12.59,0.8534214514921151,-1.6403498672992582,0.2042870793719389,0
82.27,33.42,0.32584085214792474,-0.2932659409787377,1.5378615419355957,0
149.11,16.29,0.9373272918208769,-1.7974272681671017,0.8090759717447293,0
216.48,57.42,0.5310966022846075,0.20761045959085034,-0.06520137632185119,0
34.89,26.43,0.18911121660394065,-0.9079856168988419,1.2846973354394733,0
77.9,32.71,0.09682817740951716,-0.2637340531007698,1.7247812006311467,0
27.43,16.58,-0.6099007628719224,-0.6008605070030135,3.719600007924522,1
68.58,32.76,-1.1177788402369702,-0.35905642398717763,2.052724844939843,0
8.26,12.66,-0.20631480361932888,-1.3521772572407076,-0.26036727134059134,0
88.76,20.41,-0.8702562235172253,0.36415327605858616,0.017832371180970474,0
113.84,33.98,-1.0418475454405287,0.10629211267558225,0.7853591934013162,0
36.37,20.29,-0.4847906763568931,-1.3612878526365289,-1.3286366048792262,0
20.08,15.76,0.4796797395099632,-0.7887361697230627,0.16620095309642835,0
94.59,33.28,-1.151868384586774,0.04038952725910727,1.6291607843391773,0
31.59,30.78,0.06884573128385278,-1.0796101492073058,1.9887989781687043,0
56.75,22.94,-0.0027502410341822625,-1.237058961517879,-1.6639438553063965,0
61.32,0.38,-0.7222688836538869,-2.7238610619249517,-3.463241961670902,0
14.39,15.32,-1.1860692313994132,-1.5975735595089111,0.05215744023226154,0
121.17,52.14,0.11821199140193689,1.7095870043048362,0.43022413368322154,1
112.17,35.28,0.41692950326481654,-0.2970056536555178,0.11815138165898298,0
34.98,30.31,1.182352844091784,-1.1116795282921106,1.5954054014050316,0
21.06,17.58,1.2530889173020765,-1.8325883902512954,-2.2196675732468676,0
23.37,17.54,-1.1177496539261753,-1.8527711112569127,0.4171116645242309,0
95.99,8.18,-1.4122943199298554,-1.792539819258495,-0.6325672006902091,0
181.09,25.23,-0.5930721344322301,-2.79002676676435,-1.7890509829125674,0
139.33,39.76,-0.4540335803194438,-0.6682575294410198,-1.520640091585601,0
22.45,15.15,-0.8912185001067509,-0.6456268105677958,0.26221962740055615,0
63.65,34.75,0.6634477291515113,-0.5649525969917737,2.249716019918755,0
9.08,21.83,0.22374831957430621,-1.2762064076491964,0.8874741065685824,0
97.38,28.86,-0.6766708032480138,0.18540616298320245,0.8720887888617026,0
49.54,1.91,0.11955692459848473,-1.4451183267840726,-0.343154183251839,0
12.83,15.04,1.0478511314651566,-1.9114723395147113,-2.48030516505821,0
115.83,37.61,-0.3693867320636845,-0.7013652272996606,-0.6490501789161016,0
118.03,11.12,0.2884111487160616,-3.1873899683703932,-3.5756629997880935,0
27.65,28.69,-2.640897679343706,-1.0377758474735193,1.8792962616175664,0
21.41,6.99,0.19656354764246445,-2.5685394428378103,-3.872111211930242,0
2.05,26.38,-0.35870377304891893,-1.6264062888613553,1.642842888062062,0
10.21,17.22,-0.9070081583826592,-1.1446519981771692,0.15499132693815332,0
37.45,32.68,0.43350549994684245,-1.0117276630191403,2.2248362820397647,0
393.97,93.68,0.819888153981797,2.228061277072935,2.345454243818026,0
136.34,39.73,1.1040706092820498,0.11752615842364367,0.7041551879958268,1
80.86,1.63,-0.5361721666239897,-2.4808810946192303,-1.9173740599902953,0
85.05,20.6,-0.25018783320716287,0.4137404050075013,0.412756595472377,1
13.11,27.0,0.6573649633895711,-1.9606221044193484,1.5800464700278933,0
131.16,39.09,1.0033827642199402,-1.1299327256109113,-2.3752084839914476,0
57.56,23.01,0.7932854051651251,-0.6011592913187642,-0.038835767718248926,0
34.14,21.34,1.6224983409010136,-1.0494183403219375,-0.15033885418644755,0
91.18,30.98,-0.3657996727935024,-0.7004606988406192,-0.5973446949654082,0
109.92,33.29,-1.6894573383151947,-0.30089993118684166,-0.1893654331667336,0
208.13,54.54,-0.429063876901458,-0.32299182286381345,-1.5707853639885436,0
127.64,14.33,-1.4961991540760018,-2.4055214073021434,-1.6527368901670798,0
54.98,29.23,0.8986484586849005,-0.6659100516744131,1.3076586332025262,0
76.73,12.63,0.4276172815847823,-2.6936193467614125,0.39129537057376784,0
34.02,12.9,1.2865973693976245,-1.8379962461644266,0.08887911661828307,0
79.12,20.16,-1.7021343999747023,0.15612274410629534,0.0060709277186771216,0
177.08,48.56,-2.7222777409231447,0.09884156216036288,0.11003307561215636,0
29.61,20.03,-0.31676510593564716,-0.8437605227304462,0.3751541385525704,0
119.85,35.86,1.4049423292181198,-0.902702346495569,-1.8019609468498046,0
65.22,24.96,2.10367310306172,-0.32034464369044735,0.6561798327785882,0
66.66,12.73,1.0527915569027135,-2.5179430944715917,0.26045881758356015,0
33.9,17.2,0.8010809637881857,-1.343819887414862,-1.808099830231532,0
54.84,23.66,-0.7812967068230585,-0.8718665715120877,-0.43812766116708957,0
166.21,44.46,-0.1268807141021942,-0.13309993346988003,-0.7299736104743113,0
27.51,27.44,1.4695825373608864,-1.023838691943063,1.650775948472461,0
26.98,24.85,1.9353203365984042,-1.016477324494372,1.1363786417293238,0
215.64,58.29,1.8095149185186066,0.03472417308458997,-0.2739222823714257,0
143.32,43.43,-1.0698953290805033,0.6263068529593967,2.415246299324859,0
123.01,30.52,0.7099291292005268,0.6063978999248643,0.7763801146272578,0
23.91,16.97,0.08507903197998995,-1.4823383963251069,-1.6122212802260973,0
69.09,1.1,-0.6041676033158545,-2.071967638409155,-1.4486762200419938,0
0.47,23.24,-1.5215968426326696,-1.4706740151085773,1.211563815149313,0
72.46,26.19,0.4105320144092518,-0.9367252989436792,-1.1243800952563359,0
5.37,14.18,-0.17494456600131203,-1.201919327956582,0.2872025747957805,0
167.56,43.31,-1.3141458544552165,1.0960393311796417,2.1426492688743473,0
211.43,52.47,-1.5081878543539287,0.025856068573573587,-1.3121013023363641,0
137.72,42.19,-0.28368469367815263,-0.14757869968856174,0.46646339309640006,1
228.81,57.56,1.90329268772716,0.7035943840064105,0.5106743684384951,0
25.25,30.01,-0.32782352634269685,-1.2054052935611674,1.877546338863574,0
105.04,33.78,1.018157247648752,0.2820564630372524,1.7337236434848293,0
66.44,30.56,0.07343451924111885,-0.4633863210747272,1.4312909052037492,0
13.03,20.35,0.21911060003441002,-1.1869702551980894,0.5570566545299023,0
63.56,27.57,-0.8021545915096441,-0.5153698192575362,0.817032985064885,0
38.69,20.96,-2.3764328563378636,-2.202923532586831,1.1806634993517553,0
197.12,52.81,-1.1354666958101698,0.35184756272600426,0.47993031471761394,0
36.25,3.38,0.5225619208753273,-1.4767957418291726,-0.9115561768974421,0
51.37,30.71,0.06992926714063982,-0.7211765927418938,1.7067598441066938,0
17.68,28.26,-0.16552815135332738,-1.3370588866572346,1.6105087396684457,0
9.13,32.47,-0.16966815878122207,-1.6825398230009379,2.148129148488297,0
44.86,27.79,-0.5939031720203022,-0.7000518919117881,1.5185353151456011,0
70.31,30.69,-1.1135192324279926,-0.4450856307868515,1.2711904003499346,0
90.04,21.68,-1.1326690518768963,0.24901369510749571,-0.08384988475802313,0
81.22,35.42,-1.7869457313398482,-0.23236369377630972,2.196052138151309,0
39.92,13.08,-0.022577941094418186,-2.0545268100754726,-0.07873968425950162,0
59.41,30.47,0.3535478631986765,-0.5682875844599927,1.5650252783820702,0
148.98,38.77,-0.5171830838060685,0.935981963928461,1.8612353214618897,0
40.96,28.65,-0.3217062178214337,-0.8270133682114361,1.6119738928290164,0
166.91,33.7,0.5542247039460395,1.3901217633910155,0.8502569920756576,0
4.99,11.44,1.3005268585960061,-0.8187320552487143,0.666144821121623,0
214.98,54.06,0.5507877351167638,-0.685981396689212,-3.0382263309116477,0
170.38,48.27,-0.5713742524172769,-0.7263988891155009,-1.6989708332249225,0
33.82,23.2,-0.5208636651508562,-0.2808666790807519,2.280862480665812,1
21.08,21.16,-0.2216885799990672,-1.9124650855575354,0.9124055500117598,0
70.82,11.38,1.5292965508395333,0.25899519135457716,-1.1403473966466535,0
239.17,60.95,-0.02302485444650096,0.47584818126906603,0.028187097833157537,0
3.49,27.72,1.2691726564583794,-1.643161392983461,1.9794670239272905,0
74.88,25.27,1.3201841971984174,-1.3107476317098525,-2.446525038522914,0
100.59,7.71,1.1817613956614945,-2.3781169217698146,-1.7783013766109175,0
62.86,14.58,-1.8360719875025393,-2.592230866225452,0.24080683799392266,0
118.6,36.75,0.8525958032951028,-1.519868821594338,-3.14088825436321,0
76.69,25.91,0.006211355621786128,0.018711095659278754,1.04994924462111,1
146.82,40.63,0.8168679695322622,-0.5923196770299459,-1.5887436834873059,0
16.23,1.78,0.12391742634264473,-1.127551039625242,-1.567490538688034,0
111.48,34.66,0.09110086660612234,-1.2245175315877137,-2.3948943334227026,0
140.7,16.32,-0.5553080553860471,-3.1534153621104712,-3.2454155007774528,0
78.4,30.11,-0.5411253725348428,-1.1507349380620056,-1.1874487226300499,0
234.77,74.9,-1.5807508173094416,1.6632033005839222,2.238442451314118,1
101.82,31.23,-0.001736523275695409,-0.7961282516256577,-1.4394239027320022,0
240.38,61.79,2.220683796583114,-0.062400498246127145,-1.2661953054664736,0
25.62,26.18,0.1524347668741858,-1.0545256751150196,1.411245891299696,0
190.32,34.68,-1.1802836038228717,2.4689831390783468,2.4552906461717265,1
26.26,15.14,1.9898550733375573,-1.839365699736312,0.10381582084869156,0
91.87,30.43,0.4739340992113509,-0.6707797865586522,-0.6829035667223751,0
42.76,25.62,1.5834772772495995,-0.7413126314200799,1.0644434838033874,0
10.9,8.47,1.214973511292237,-1.122306716862201,-0.4153289722117388,0
9.32,9.68,-0.21347213599941883,-1.1545414286324749,-0.33072018587427143,0
27.36,25.43,0.4726630560767134,-2.1300108471770898,1.6594502709766843,0
194.12,49.92,-0.7898474390492546,-0.06277085595157983,-1.0509663680645822,0
79.52,37.24,1.1342947938882124,-0.38366913771586963,2.3025780913730722,0
42.59,43.06,-0.07436859881871455,-1.2438403399005866,3.574555892071237,0
48.87,21.31,-1.1343963827064898,-0.2626797055858666,1.0010065132045742,0
14.39,29.25,0.19630441692435538,-1.9461249204348334,2.185479046675014,0
184.73,24.2,-0.8680639066752307,-2.0387183169104555,0.6152613169694561,0
359.15,85.2,0.2482739329114458,1.0906588334317506,-0.3577602297695348,0
13.98,24.39,-0.29340551584204505,-1.717042078969453,1.6961599731792512,0
21.11,21.6,0.15310199293432541,-1.0351812542294563,0.7361071507331972,0
10.21,12.06,0.5074209278332887,-1.3263151992050943,-0.20538021271218243,0
107.68,10.34,0.297394853531108,-3.196922811377905,-4.058846348911113,0
142.84,40.33,1.0936976406914414,-0.6883528256233014,-1.6627486673526728,0
97.84,31.13,-0.2323044937361695,-0.26094411349130786,0.17708326380220663,0
45.2,24.27,1.0452510148730776,-0.5922359961195296,1.0098338985065662,0
56.62,23.06,0.36141552377197955,-1.0867365440397379,-1.2372942740566706,0
23.76,23.42,2.3502058000057215,-1.0787043881342622,0.8594553701686584,0
50.79,13.93,1.5677961311964723,-2.1856490891967875,0.42495660539783264,0
35.86,17.09,1.4258947496245888,-1.9736304604731725,0.7623233197667817,0
23.42,17.38,-0.7422480135662024,-1.209391688047681,-0.7814975580701605,0
59.66,28.96,-0.2133297993092693,-0.4808243468999118,1.4481612361919658,0
88.83,38.7,-1.4281484954450976,-0.2755801176363909,2.339209203263046,0
227.29,58.25,-0.26403776199440115,-0.11717111987850859,-1.3874534503957658,0
223.07,59.01,0.7540759331580894,0.11193003261356194,-0.3677456169192631,0
103.53,33.79,-0.7296646238211267,-0.32389772600644917,0.24853215174814935,0
209.2,55.03,2.390766164767724,0.3433588234511915,0.2093124434729341,0
41.05,21.25,-1.167534215312696,-1.2786535286234468,-1.1880448474680882,0
87.24,29.25,-1.2081788236455882,-0.9182929030254356,-1.3062969760856575,0
54.1,21.79,-0.3119870086480041,-0.3007509239150643,0.6881773913149045,0
18.94,15.98,2.2947685915477845,-1.4332319381165877,-1.397531131343359,0
3.31,3.52,-0.2763196351264478,0.7390693603673602,0.9580559105260177,1
54.29,21.9,-2.057966753396755,-1.2052101855132447,-1.6569620358409347,0
126.17,36.4,-2.206418848383733,0.5088983265138554,1.6140666840621312,0
36.16,20.85,1.0833404379113156,-0.7904229346351762,0.29561765542645757,0
37.35,4.0,1.1936448655732277,-1.2260437057720988,-0.056305464032730956,0
51.2,27.44,-2.0254180833204796,-0.6376797888759065,1.2195363771460719,0
166.89,39.41,0.0834811255198509,1.1932941434278872,1.5840167164677512,0
122.12,53.49,-0.06110191375136612,1.7252881904361606,0.2336878204508498,1
91.91,30.33,-0.2766358691614466,-0.27627832708020406,0.32242583243441514,0
100.37,39.95,-0.10622149384201134,-0.10879438807780206,2.344532268041039,0
16.25,9.1,-0.0946237926492889,-1.6688238336285943,-1.377435149126153,0
54.34,11.37,-0.4595489411617563,-2.2146433244100594,0.0062657703453816715,1
36.26,36.93,0.27402735267208544,-1.1839381360430785,2.775508679452977,0
20.83,7.32,0.7526823152860572,-1.3769509173589884,-0.7273890773612848,0
204.62,53.37,0.38196645752409497,-1.0788693983302828,-3.5837647702124658,0
32.75,17.43,0.39167061561527167,-1.5231057236607053,-2.1543613494451312,0
101.76,31.58,-0.2283383352994422,0.013667042490176584,0.7521992061045555,0
224.33,67.22,-0.32662348908556743,1.2943001779446006,2.319215928164094,1
265.68,67.1,-1.0249923138187629,0.08584950440855099,-1.2559817700277562,0
148.27,41.15,-0.5869656870923221,0.36706173291895383,0.9390208349947355,0
250.01,62.07,-0.22064275011577214,0.21395403538559088,-1.0695678359150418,0
94.32,33.51,1.623263185486201,0.06424517480644654,1.758092516304997,0
155.6,44.55,-0.3371881377911729,-0.7815987967535623,-1.7587060205158145,0
358.11,84.65,0.049802790902832496,0.3765869188424875,-2.278428497891218,0
144.46,38.94,0.5714083877187804,0.08626658108270235,-0.042494740479205095,0
3.01,15.72,-0.44029678710755854,-1.246206649129249,0.36451798578788985,0
1.67,19.88,1.7320492913680818,-1.4030309348788124,0.7829857310846691,0
21.54,9.6,1.7786551265382484,-1.2195155155772608,0.22463623666323174,0
35.12,18.59,-0.7844906432421096,-0.596283186542643,0.37206378461959544,0
91.51,30.96,0.4121091610202864,-1.2938178409753562,-2.1713339015450286,0
13.59,14.17,-0.2029174630104449,-1.7876383754607241,-2.393971298828933,0
16.6,18.07,1.7348318912272276,-1.667700255103103,0.6038930210141209,0
236.31,58.98,0.18729554982321833,0.2190706608452231,-0.8982604407459707,0
40.12,18.66,0.6569471123242788,-1.046675222885011,-1.0920096829375268,0
107.55,35.12,1.1825657270608714,-1.1744287531520388,-1.9235233635670497,0
9.73,23.63,-0.3337788708388873,-1.7849258742965386,1.0957241344440802,0
145.49,18.49,0.5336479953688871,-2.4856836577169457,-1.6872116686893834,0
121.74,39.33,-0.5487491334148188,0.35168738584405346,2.1133705291126423,0
77.37,26.99,0.7322345071326534,-0.09981503078352771,0.9360194976438831,0
27.35,4.55,-0.8327052186054525,-1.273719893905257,-0.6677151540631909,0
124.41,29.3,-0.36158858057559284,0.6840434676558707,0.6286390316722434,0
78.81,38.42,-0.20429533330183694,-0.4116111497424224,2.530660379440287,0
27.34,18.41,0.06863704842771541,-1.9631176598616733,-2.7595081395089274,0
64.61,27.62,0.21802509213256502,-0.3022703091086293,1.3199066546003595,0
62.85,1.96,1.399283341270051,-1.5656163378340429,-0.6957192397369096,0
124.33,14.83,0.62152184861589,-2.724574787470197,-2.794835918458793,0
152.52,41.89,-1.249395203059528,0.03825125819709174,-0.013260728491810814,0
96.81,27.53,-0.8650714271711278,0.1741649057132113,0.5870369333869534,0
48.0,16.88,1.1646149903103564,-0.40767158202519604,-0.29149375537943056,0
53.69,0.98,0.9939297571216518,-1.3112016644191704,0.05427010092897033,0
118.48,42.38,-0.5481663559692463,0.19006635024387708,2.5552156970183892,0
48.99,13.47,-0.2395073687649446,-2.0710391924459746,0.5154226859346848,0
139.38,17.06,0.47291708452549563,-1.7727533114519756,0.11453418029735052,0
89.1,29.14,0.9902384537051827,-0.650569352914639,-0.7435003188936233,0
5.08,12.84,-0.564981911032076,-1.9271049228843131,-2.530805241903038,0
0.73,11.89,-0.858812727920689,-1.424897067100402,-1.1641458930446587,0
24.56,17.6,-0.30045486881775135,-1.7731158157037434,0.7111314980399737,0
66.41,27.74,-0.5615879353732794,-0.32707570231489813,1.171630592353682,0
90.22,35.45,-0.08560808947124605,-0.13679059304638364,1.9058968756561483,0
73.09,26.34,1.745871336135157,-0.7878585494154312,-0.7423888337498041,0
230.9,58.36,0.2963644392546358,0.9642917663400437,1.2394661523871684,0
121.65,29.53,1.9928326252700297,0.6572205403502023,0.7768223023348646,0
131.12,42.28,0.20971329919736692,0.4189884791672136,2.363300874531902,0
25.36,17.04,-0.9851944027873477,-0.702072002904693,0.34896498707669865,0
163.07,43.9,-1.4627663071111208,-0.16393842824480787,-0.743147095955878,0
78.05,32.69,0.5108629891483177,-0.2853664575860956,1.6541927602929065,0
94.44,31.73,-0.30136312044018576,-1.174395571069018,-1.8691175170571135,0
184.84,46.49,-0.9082061822885704,0.5021066687548614,0.23704220429196665,0
145.41,17.43,-0.35071044462349615,-2.8255637264107167,-2.346485052804451,0
122.17,33.69,-0.21339221860714852,0.5469370969348255,1.3655851426765793,0
40.1,23.65,0.8209668843684006,-0.6436243867368592,1.0502469419531621,0
238.66,62.19,-0.015917845002242307,0.07774682527380583,-0.7086392178230079,0
28.96,35.86,-1.1784403468600457,-1.3453839053049363,2.563260439882315,0
70.75,28.68,0.5233950169020153,-0.21761483328830478,1.3986769377239359,0
132.57,38.38,1.2046744399937044,-0.25244652043318705,-0.32772351310023895,0
58.51,1.44,0.2886321508983798,-1.0352403109268087,0.5385371477290166,0
140.97,16.55,1.569866436259967,-2.7583620667265674,-2.247862898936403,0
34.61,19.56,0.09697017676084972,-1.1680169951883363,-0.8760013137268476,0
26.54,25.46,0.3409526902216264,-1.0079311005284644,1.3202060642274587,0
26.61,15.24,0.022203934542636587,-0.8611273591424529,-0.5343761561562937,0
86.41,30.33,1.4458646596420308,-0.53001883253843,-0.0070665311809196,0
11.33,20.7,0.3382524875291783,-1.2649417471225426,0.5332402051987121,0
13.85,16.84,-1.3889081710291074,-1.4760840636483685,0.6674641770557428,0
17.79,9.15,-0.21257862798856803,0.7091889303112835,0.9321634665159874,1
13.28,11.02,-1.245593911614555,-1.4068965755287075,-0.456370436723442,0
54.9,23.34,0.9495229179610088,-1.9366051065684216,-3.287784369168261,0
60.05,34.13,0.9280450710056922,-0.7162345519102827,1.938535443864741,0
7.09,13.08,-0.24624212194871742,-1.180337487273444,-0.6532610848409083,0
7.06,25.74,-0.7276723548562242,-1.74289146528087,1.5035889234703963,0
26.93,16.98,-1.6255993666594517,-1.2669912049495728,-1.2309155923506403,0
53.21,21.78,0.05976783737328261,-0.5225687448330332,0.16149209435361112,0
16.98,15.67,0.25258992737909125,-1.5142587671113863,0.5048608760035539,0
85.25,20.05,1.7467389375083464,0.26696980327071573,-0.10197779081273506,0
253.43,66.13,1.8065162106620096,0.4964704923327832,0.3465495333984969,0
99.23,28.76,0.31963267591747646,-0.1267444971166516,-0.0751783964234517,0
4.79,10.86,-0.38193227172536476,-1.3258586766727933,-1.3777874766237668,0
80.16,27.4,-1.621394156122169,-1.303695735528188,-2.284606546827808,0
13.67,17.26,-0.7792955995214319,-1.0719463819702013,0.1427924922404582,0
188.44,25.4,0.024407339533162126,-2.1877175635965793,0.1902694197052075,0
118.26,32.76,0.7289091555627822,0.5982835157460225,1.5338430091672488,0
5.06,13.09,0.09412426778927614,-1.4279324058682485,-1.1719768602136758,0
98.4,33.28,0.09018263749689953,-1.0494611553908086,-1.4449554640930131,0
121.4,39.62,1.1162463905181252,0.09103538817098511,1.5175382899018666,0
113.3,35.86,-1.4896374214361092,-0.6479663936270399,-0.7386276919741405,0
286.22,68.33,0.9362090095799499,0.3310790304420841,-1.5950292944537372,0
20.12,19.97,0.0005000650336295328,-0.9547154174395052,0.6498379319345267,0
120.14,3.91,0.48178370786128394,-3.1975980744168497,-0.18984380177832327,0
23.46,7.37,-2.5108350014014515,-1.523209398121876,-0.9392026350770704,0
32.59,16.24,-0.6793845698063502,-1.837463763402638,0.7327562684759674,0
43.52,23.84,-0.657484937966344,-0.6470240214384384,0.876527962730904,0
321.67,54.82,-1.3446490274694252,-3.470470699631946,-1.4908654190837263,0
28.03,31.53,0.274741902746345,-1.2200311403178834,2.0009817069577145,0
6.6,23.86,-0.5899092978657563,-1.606060763265353,1.4227144514834726,0
6.12,20.73,0.17255019180419026,-1.2967644198573414,0.7729263603971086,0
72.47,35.33,1.6845797460168992,1.2641259283601,-0.01776802029996616,1
31.85,3.97,-0.08392725487267538,-1.8598217214809414,-2.049221625241416,0
43.36,22.43,-1.6553688814058016,-0.7172141013416362,0.393951706331795,0
114.59,37.52,-1.4609249386516574,-1.4524586144082297,-2.552479880548989,0
3.96,18.9,0.2767229725883162,-1.4893206281352036,0.48372871232415926,0
120.7,46.83,0.07714478588312636,0.07821133677506409,3.1004132975273047,0
3.34,9.88,-1.7967380129780532,-1.1286498029647107,-0.9896895131950221,0
232.64,59.49,-0.8912169480418995,-0.018571751590200525,-1.1842974333734049,0
9.97,14.07,-1.7645959092770471,-1.0230236311191239,-0.20099622180970722,0
99.77,31.06,-0.302961376874301,-0.7919084927388207,-1.3418717614500302,0
78.92,41.73,0.8442832280974177,-0.5080205071143302,2.9963059935822907,0
57.94,1.74,-0.8522016313215837,-1.565977665344107,-0.1855990128141266,0
32.61,22.11,-1.4891464178991283,-1.378786214460921,-0.7474439782690536,0
17.35,24.82,-1.9854610204177623,-1.2516624030824586,1.1017668541228072,0
42.86,17.03,-0.33637866311040404,-2.0632532767909884,0.9400066795158031,0
13.68,11.38,0.7601183762563611,-1.7113215032961042,-1.148529199451378,0
42.0,3.38,-0.01016572074277691,-1.4941782458405808,-0.608536558859313,0
88.57,25.32,-2.498493587871451,0.1730180956504772,0.6020192079046558,0
212.14,55.73,0.6983208157562021,-0.17059194029105829,-1.1560087658454377,0
18.94,22.91,-0.241749638893447,-1.8785530724601407,1.2529915083530532,0
86.61,27.89,0.18151333150755436,-0.10261257531413104,0.564382854706124,0
18.56,12.28,-0.5191573227936902,-1.5502842898522338,-0.23499852851919156,0
51.0,27.34,-0.23433491104206355,-0.7060296364257725,1.031836308229906,0
119.67,11.45,-0.24032823743301487,-2.521902606529837,-1.810409621697242,0
282.87,45.44,0.6082288953073121,-3.9505957101665934,-3.0504761660645565,0
21.66,16.58,1.3704096939838664,-0.8228349936328208,0.15841467998054348,0
15.72,12.77,-0.3587659360951468,-1.5181584729360988,-0.21656842862265435,0
130.59,40.58,0.3406541364121413,-0.2805433643573819,0.1998747730575896,0
78.84,36.4,0.8197283316910118,-0.4087545426683211,2.095053321844011,0
44.18,32.38,-1.1998597221795984,-0.9818453576991093,1.827327452224785,0
34.37,15.99,-0.7707370597008625,-0.6022222378599471,-0.16544973808634778,0
4.31,13.77,-1.1459005899823282,-1.37559241815097,-0.31862192661673006,0
128.23,13.35,-0.060917832770783234,-2.763998116797638,-2.336727948822344,0
315.1,76.72,-1.555970026317907,0.9138889938874208,0.004381725971326578,0
52.66,22.09,0.37955030461222966,-1.1380101826777649,-1.3416964248111123,0
71.34,2.8,-0.11565356854823089,-2.22327373842229,-0.8553748502412863,0
120.12,38.23,-0.09996977981690322,0.9004152079571619,1.2928421885534038,1
42.12,19.12,1.0499941674505682,-1.226132440328914,-1.5798923261640416,0
139.02,41.04,-0.8601926954224983,-0.22900334804576017,-0.07785301650257181,0
26.75,17.19,-0.2515808307655791,-1.59350182437225,-2.026872492702692,0
181.53,45.79,-0.7604181998113736,0.7280097044082031,2.922270862230447,1
55.75,25.15,-0.3326571805631725,-0.9440922980999545,-0.3557536369797697,0
48.24,21.05,0.08079162972197933,-0.4129615082012643,0.591304714496687,0
61.94,23.96,-1.079392457099354,-0.3627258861691891,0.5241867858679891,0
1.36,17.18,2.633537940031605,-1.3237778678886252,0.3814533731076172,0
92.33,31.17,-1.1501720603143877,0.24562172321300846,1.841593795653779,0
1.17,22.66,0.17252678292308982,-1.5835785675322196,0.8888644787530743,0
122.71,36.08,-1.109952837036249,-0.22877894780638053,-0.1702014044125122,0
108.69,35.39,0.9965246338965807,-0.33604460847490203,0.25268432504705185,0
95.67,22.2,0.6207475552794239,0.4434407352193417,0.19502469441117276,0
82.76,36.89,0.7087186735179315,-0.29082212039631494,2.2715148569299908,0
101.19,39.73,1.0045929091264905,-0.02748521521528635,2.459358637485388,0
188.63,51.38,-0.13414517626645758,-0.7285581425150968,-2.1342894672524837,0
107.16,32.93,-1.692681615510937,0.008904054092214064,0.7084111086649136,0
11.69,19.02,-1.9700004554188741,-1.1632827852556686,0.4092251692486464,0
53.15,24.28,0.0001866646349733769,-1.05263080995408,-0.6702483127625585,0
179.7,47.58,-0.3309781736136056,-0.3637877017645077,-1.4698187796222209,0
64.76,23.76,2.501645035135113,-1.3272493266491106,-2.204873378429639,0
30.26,17.63,-0.14507659570363216,-0.8201416989337578,-0.1271292163447909,0
11.45,11.03,0.5334850768245277,-0.9176053469220987,-0.6790783870393655,0
94.05,29.58,0.34438421737853486,0.057974661443361386,0.8991511249808372,0
136.05,37.03,0.7591785027052609,0.26316958138876223,0.5120104615622996,0
24.6,21.15,0.1196002626671043,-0.988626495200021,0.5474079015771853,0
42.78,2.48,0.15971772868210007,1.1087267562185361,0.8363211134795957,1
69.17,3.66,-0.4924903908336654,-1.9682863831748159,-1.7328944377723294,0
72.66,28.98,-0.5072714105938124,-0.3035492984602083,1.1251836152201018,0
119.74,34.57,-1.6722497745673186,-1.382467379239255,-3.3285666309518085,0
50.25,23.33,0.5968621810742627,-1.6461348837657515,-2.250270118716883,0
129.66,35.33,-0.7658600900863026,0.6247710871700984,1.4711254170682548,0
142.65,30.76,-0.03151232442302292,0.9758112306619395,0.5996501423664538,0
36.54,5.77,-1.0612935317114818,-2.4384710802192213,-2.882420359019049,0
5.55,21.23,-0.6921522120768903,-1.2491025027254143,1.040357409236744,0
132.47,44.05,-1.2646864317560584,0.35580640602099844,2.504781483159694,0
108.12,25.99,-1.1493716102158729,0.4731008819896301,0.344878710817591,0
24.22,23.74,0.2448193738945395,-1.0457008569786699,0.9869410003587562,0
20.64,15.34,-1.0843712084571229,-1.1509362865137254,-0.9061343048635383,0
48.61,21.49,-0.719006667681404,-0.8666557262304035,-0.5185583198123258,0
107.61,39.59,0.5428283512706765,0.05322355822209124,2.250549009078408,0
48.05,21.04,-0.7219633271251292,-0.9956449263903043,-0.9192430587236745,0
24.3,24.16,0.10207491624738367,-1.066325329145061,1.0187653504531047,0
19.12,11.48,-1.5613523357772998,-1.5054854527195611,-0.258900871648607,0
107.43,20.79,1.9015592551136702,0.6258006070416566,-0.3509227441246654,0
19.1,15.47,-1.7204456102367125,-1.5699665069249171,0.44349117803349636,0
104.88,31.81,-0.6544018951685149,-0.8800728268086511,-1.7179298245283072,0
55.92,21.67,-0.18561746791792078,-0.34812825787907065,0.4293760848754783,0
40.9,33.18,-0.7601894489620864,-1.0029808984142456,2.1473412815407165,0
80.69,40.14,-0.7067297635192396,-0.4839483617589032,2.6037894229039606,0
31.0,3.61,-0.36010595263818695,-1.2198902010609065,-0.5102627294627136,0
29.89,16.66,-1.4494197291774182,-1.807538315679411,0.7381548475198485,0
159.08,43.79,0.08432382724223389,-0.2473358260308085,-0.741240730744287,0
49.67,25.94,-1.2975096399822306,-0.6125397331222744,1.0510415619428939,0
23.96,15.46,-1.7381116395453866,-1.6438364149600684,0.5433722753100763,0
63.09,29.94,0.44350172058452486,-0.45536568668339517,1.5189853236679043,0
111.15,34.91,-0.978322207591943,-0.6020057274038233,-0.6958019150304345,0
2.72,17.76,0.6084420694741921,-1.296042614384402,0.3323808442828483,0
5.97,11.9,0.01631560168577677,-1.6759934525269862,-2.1342462731518923,0
133.23,40.1,1.197186484622428,-1.154314678024661,-2.3441119947608797,0
25.77,28.66,-1.3440446284718441,-1.124097331649638,1.7626694800708158,0
55.3,28.83,1.6221931015494289,-0.6386335207588683,1.2720599723242116,0
69.55,30.41,-0.010937837016195572,-0.35532559714071044,1.4910126087746256,0
47.98,2.26,-1.4211531401456212,-2.4162103630226954,-2.895751753711531,0
20.12,24.66,0.4033003902452816,-1.1026960114378188,1.2876558843506956,0
58.42,40.05,-0.4927727282429369,-0.8564705720669399,2.963995242031567,0
82.61,28.97,1.0104138262506557,-0.011722010905850233,1.2786601324536067,0
0.97,17.82,1.1446062820500897,-1.221839840529362,0.6464178213127493,0
157.26,38.85,0.7450305629127996,0.9762502414096541,1.4817789473548402,0
38.57,32.52,-0.37366207826417036,-1.0139963532106997,2.1151816107215673,0
264.3,65.7,1.8627464923572625,0.4702279320911764,-0.4753866281711603,0
48.14,21.86,0.25499675067459876,-2.39312765199673,1.4556774520385076,0
3.84,21.32,0.11127676805327562,-1.4987001070032333,0.9798324717846417,0
11.81,13.4,0.286194759048022,-1.3834708603183734,0.034652353766310595,0
17.57,24.77,0.6100231697844505,-1.8922247710555193,1.54176061148193,0
26.88,20.85,-0.5026196138317597,-1.9199039445403707,1.1771767651078258,0
211.34,55.5,-1.4091069277559771,-0.4932935580809774,-2.0009120855918234,0
110.3,35.28,0.6494973648592396,-1.3954030028419726,-2.6334517838188325,0
161.02,21.31,0.5957022501755148,-3.017801658094593,-2.7468141337247074,0
144.49,42.2,0.028012915358889258,-0.18729692492281003,-0.04738698671547292,0
13.29,16.02,1.1438367264203908,-0.9984073360660615,0.08826576532353336,0
82.27,25.38,1.8272615049570138,-0.41463450658928236,-0.5341764508381681,0
80.48,3.58,0.4730509282332128,-3.0230046814928797,-3.7789777637500914,0
13.88,32.11,0.3497695206060582,-1.5277057975887172,2.1854379241529873,0
92.55,26.63,-0.9202385297763772,0.07954668421267086,0.40340213424485294,0
8.34,24.62,1.1154332973811345,-1.2880384421849216,1.510835522093961,0
39.14,19.61,-2.064957387584735,-0.6366277266446134,0.24515260050980026,0
41.58,26.73,2.5546863259021158,-0.8291118995507039,1.1501159103157768,0
36.12,2.58,-0.6382769656971474,-0.7867921499690402,0.7051335814054167,0
148.39,1.53,-1.1748413083829365,-3.664032528969812,-0.21080197729027472,0
10.09,20.18,-0.4879933162072253,-1.6671357237328814,0.6707156878223496,0
195.05,52.97,1.183227173712846,-1.1506401820483543,-3.276841030770562,0
77.65,29.8,1.4432895536319423,-0.2128831187577206,1.237903301831988,0
52.84,24.48,1.5187183527167938,-1.1201200608686328,-0.7846508500213942,0
110.42,34.53,-0.18241813553953884,0.4517877510701829,2.0145766983804574,0
37.25,24.83,0.5317448831256588,-0.859307037905047,0.9195647359176339,0
26.6,10.05,1.8438986920019504,0.8866233812149786,1.732016412528294,1
71.46,27.67,0.7172835811587757,-1.0270784140079983,-0.9749624727373724,0
6.11,19.48,1.366154628273648,-1.2866625580377558,0.5274366245257189,0
164.33,44.32,-1.1326637535596475,0.21421521084496042,0.25795170723473326,0
48.3,22.85,-1.2334975839449034,-0.956684954876547,-0.43914876432617855,0
59.63,23.39,-1.5630894981604142,-0.09520341703843105,1.237656928440257,0
178.98,48.11,2.441504342169468,-0.7813529541973633,-2.3998058370335578,0
38.23,33.79,1.970864270717799,-1.1615764169078322,2.0280988573946477,0
106.34,15.83,0.33869836883918525,1.6277253340647566,1.2457946686069208,1
42.5,16.15,-0.12673603578590625,0.7376009769700136,0.9783654421560609,1
47.12,27.79,-0.5619462476951015,-0.7960733288589964,1.1312311100533297,0
1.48,25.18,-0.28026910446356673,-1.5585686786626298,1.344895252007818,0
185.38,55.54,1.177544724769586,1.239649426667874,2.3624337482351905,1
25.68,28.39,-0.2690165464148226,-1.2287896620511602,1.436409801568597,0
62.99,31.24,1.698092906333733,-0.4068533312165833,1.9360849292255482,0
49.76,19.6,0.6627258265192667,-0.5749960164112475,-0.24031805454980149,0
97.93,41.39,-0.6302864440651417,-0.14478037557934065,2.7138696531268076,0
113.68,34.31,-0.12889918411818965,-0.9537074432299522,-1.898327662513297,0
34.56,16.48,-1.0122733568370152,-2.00848444240115,0.45993521913936286,0
189.65,28.23,0.8074618356124449,-2.352305791978882,-0.7829777963615959,0
63.17,23.74,0.6186301201097418,-0.3225254147766601,0.5080391055574863,0
31.76,16.04,-0.65695517639841,-1.95715599319408,0.32687500073883724,0
86.98,32.97,-0.3670704059816724,-1.3626329227698968,-1.63707793869601,0
135.42,42.93,0.6526464071770783,0.4796375467704943,2.403670943608943,0
19.54,24.57,-1.8460482504440554,-1.9945569953001643,1.349877342058434,0
120.87,37.2,1.3147798255965035,-1.4388176746850516,-2.968991026158798,0
63.17,24.83,-0.10648788318054717,-0.9010001449424337,-0.7630059673671099,0
58.12,27.41,1.0146453864394118,-0.4128094151887586,1.3794529805226172,0
184.54,50.33,-0.5690273622751935,0.13439953391628046,0.1360885656595623,0
8.35,11.39,1.5452571697547433,-1.6458695393345253,-1.2989931290618975,0
44.75,28.34,1.182234028938315,-0.7571198877705918,1.4972950273418908,0
10.5,9.7,-0.1946766623579972,-0.9102666087876603,0.38231871713002596,0
328.35,78.39,1.0932371075822098,0.8690449671668039,-0.5530398559625106,0
54.19,27.74,0.17698631145506066,-0.5933816076768068,1.2205264208368656,0
109.86,40.39,-1.4040012963810977,0.04957462958017245,2.2786977748984727,0
237.21,59.67,-0.8071399829793362,0.5268692030732209,-6.685487037483284e-05,0
8.49,18.52,-0.5908170987358049,-1.2132540752917662,0.3654278685638993,0
24.37,20.25,-0.3496149900355497,-1.9065150692257287,0.9304653438436487,0
65.75,29.19,-0.8333735587954348,-0.4235837175467072,1.2768280183910155,0
96.01,26.93,1.2083478175735631,0.30874618229089323,0.8551900072553853,0
159.22,45.06,-0.8841584799437681,-0.7968901875554544,-1.907929242222899,0
66.27,23.19,-0.20372712804159823,-1.398947260085467,-2.6091716722757545,0
63.12,36.83,-1.0676348506009778,-0.7237020542798579,2.32345632444234,0
6.65,26.47,0.08528423349335175,-1.7958604317913034,1.5017919397286104,0
50.05,33.29,1.4014290022660747,-0.7197124037609649,2.3534369314466446,0
28.04,22.5,-0.6859980417194214,-1.9242558320742051,1.597620888432331,0
38.51,4.78,-0.20902109965135976,-1.6458362372472801,-0.911095596538668,0
113.4,30.82,-0.4759886023863676,0.5072565823171351,1.1668488184054446,0
183.3,48.91,1.229774224521937,0.5832940087256191,1.070824573525814,0
105.63,34.64,-0.5721940702934435,-1.0655639430722428,-1.6295277682659979,0
79.59,36.05,-0.5422823377626642,-0.37596739516436994,2.058093471204001,0
46.61,24.54,2.444582752582506,-0.7178379171934972,0.6553966098333095,0
17.67,17.21,0.25216735047557565,-0.9718470066008701,0.1502274769112527,0
30.91,23.69,-0.29859673760962646,-1.0009650722096746,0.6856867513969973,0
10.52,9.54,-1.1956237708552124,-1.1962012732372378,-0.3968783939559746,0
152.49,18.45,0.029102708325022607,-2.888778209343389,-2.30423692058229,0
50.8,1.25,-1.7794294488516276,-1.09140124271207,0.5109066480715965,0
66.64,21.84,0.2871333541229858,-0.08263016740155005,0.5080676715180338,0
72.3,36.08,0.9016233760593639,-0.42754529756719384,2.3744723304232274,0
14.81,34.52,0.15187760961393976,-1.6162100145717635,2.422917839528302,0
45.42,14.1,-0.797813748337336,-2.1349289697303178,0.26908549326530284,0
22.89,21.63,-1.9321671625260497,-0.887292868773089,1.0193447996694749,0
20.15,15.03,0.8089247222790114,-1.6986323704565502,0.07537493329528389,0
195.46,51.58,0.8642436147342264,0.42793343031342057,0.5099867396065809,0
51.05,21.14,-1.1788166402247968,-0.5181291443044587,0.1658713162125568,0
125.57,38.02,-0.2702767610101646,-0.06071200697555634,0.5183697025007334,0
314.32,76.31,1.5133362783557256,1.3501880595691995,1.0993220173440097,0
70.31,25.7,-0.8312707739523109,-2.892195619381578,2.3386850724006027,0
7.23,17.36,-1.3938310438129229,-1.4142858879249087,0.541832820279854,0
74.05,28.34,0.4788187482130753,-1.875127525037414,-3.197404884119787,0
201.03,52.13,0.1634054740224038,-0.04910560175640466,-0.9509262104987422,0
70.36,33.85,-0.5540552934127837,-0.4673958671552074,1.9014795540504912,0
34.64,3.81,-0.24936410162594572,-0.8945038627704055,0.6034316832696274,0
86.44,25.05,-0.7578561960058762,0.20278802623484293,0.7511300798336626,0
108.33,32.94,-0.8332949582424903,-0.476700823368879,-0.6273316419847623,0
92.73,25.95,-0.5951034386477235,0.2635932688101994,0.7222573828256604,0
8.79,12.84,1.0951604117202318,-1.4531438629145916,-0.4532181779208675,0
76.65,3.0,0.23538826054801248,-1.706142756598949,-0.4508958305772671,0
54.63,24.76,0.07587738995981268,-0.5447055450985339,0.669600017322981,0
290.05,71.03,0.7439016768802931,1.2222209490231175,1.0860759024150277,0
186.94,47.67,0.9160103197910902,0.44527728412277456,0.21974396607168,0
59.14,0.72,1.1833238104431567,-2.2599435217446926,-2.4596014544064615,0
17.76,33.06,1.4003997947952824,-1.541557580075244,2.1203437229265782,0
26.04,27.94,-0.775034189423724,-1.1216712584090311,1.5942594480396888,0
255.41,62.58,-1.702128706538388,0.04076381915953253,-1.7368168105173054,0
141.56,30.04,-1.1687410284931263,1.2450745552396547,1.2102848145231089,1
56.06,3.24,1.8065346714593336,-2.885272605038266,-3.41275909499925,0
129.2,31.4,-0.828397454793649,0.9392718572034755,1.460464282123959,1
247.45,63.02,-0.4678221828322661,0.1296005436239871,-0.92635383773083,0
42.01,32.94,1.5753894740561654,1.5515241120637893,-0.5959197661475757,1
54.55,14.85,-1.3121824775277826,-2.3323464464842054,0.47367149419921906,0
134.15,37.17,-0.39814201058847004,-0.07673257353988616,-0.22869214472001909,0
102.03,20.84,0.2820026250168557,0.8680653344870709,0.6198549558145092,1
33.15,16.8,-2.1148662950169905,-2.0067082061117856,0.44829163952637063,0
35.32,27.34,-0.5038467528248772,-0.9080067945981154,1.4568095481298011,0
104.99,10.67,0.3388915982185217,-2.5633423666822512,-2.6401371659256183,0
24.22,13.41,-2.185296847334906,-1.607309309105049,0.20708400823803585,0
32.67,18.0,-1.6644767353332222,-1.0197103882173082,-0.7134631538244525,0
90.2,6.06,0.836328719335456,-2.7784699905129178,-0.44651919268166074,0
49.66,9.28,0.3191602900919905,-1.9444650955787486,-0.02994008731774045,0
91.38,5.68,-0.6421946525342711,-2.7825380969942017,-0.4678701801093552,0
54.05,22.87,-0.9954036030247475,-0.8395485973584221,-0.47646082856792393,0
67.72,32.46,1.2823634741156038,-0.4854900686992475,1.7110071736383934,0
86.86,33.51,1.2102435005068763,-0.18092213938303003,1.5723469861713235,0
129.92,41.45,0.9599566744337453,0.4297317149826865,2.2836452182338194,0
46.28,20.26,2.2784019865292278,-2.2868664252573696,1.2707045837265112,0
39.74,29.85,-0.791709350567595,-0.8228733345546022,1.959441831036519,0
6.85,21.45,-0.37418027599018366,-1.5898586032637878,0.9534809484484398,0
59.57,29.15,1.205956017904542,-0.6035040886641265,1.1738721915683532,0
87.29,29.75,1.7046510059281352,-0.7876809064895252,-0.85882538295228,0
75.59,5.06,0.33972385937475696,-2.4378547418143164,-0.6642272197552905,0
116.63,29.53,-0.566128588607568,0.5549732788113897,0.8147210586472218,0
49.47,14.39,1.2237103406692909,-2.2225832614043064,0.34928992401750536,0
15.07,13.63,1.621226879726228,-1.3166145972884604,-1.3733328519891144,0
23.66,6.16,-0.7048221709979829,-2.275634482647338,-3.153204863893591,0
92.4,32.08,0.008828138267394708,-1.378048510996809,-2.1988072719177603,0
35.36,20.08,0.12407272571949352,-1.5218841795870688,-1.7324033338823084,0
235.97,61.58,0.3980280299618697,-0.2108398622763482,-1.430992374540054,0
99.36,31.39,1.029882539130331,-0.4344534630548832,-0.31199895845832215,0
48.15,21.1,0.5956440575697195,-0.4590493590966702,0.4871147462095642,0
20.14,17.95,1.9511420482977946,-0.9427905312009739,0.2371500827378341,0
193.55,50.69,1.5042142828299232,-0.2432167420946676,-1.317328407128208,0
9.39,25.15,1.3791625881974978,-1.4087404054724666,1.247228426109268,0
106.04,11.96,-1.1079830420429075,-1.624477061832713,-0.409944941816502,0
30.44,27.22,1.2548119434691696,-0.9977128334976534,1.4946145081858453,0
197.98,50.58,-0.2920085455130258,-0.504516553720304,-2.292976569151125,0
94.35,28.87,-0.6754811770399278,0.11130110854565656,0.8665032227105167,0
50.54,3.61,0.015227020617449225,-1.5330960523190846,-0.14018129589474793,0
61.18,24.75,-1.0585037209958124,-0.682212493420253,-0.09046656554012966,0
95.42,26.39,1.0779017394533252,0.15516485814180725,0.37411758885788937,0
162.2,40.82,0.9425452284534718,0.16740864980711478,-0.4996798112535734,0
93.02,29.98,1.4555808184893537,-0.69524067423368,-0.9151205243304557,0
19.77,15.6,-0.08338014443846556,-1.6952065086299957,0.18544160589334213,0
28.46,5.89,-0.2641710099153342,-1.7579171688469657,-1.5712439530976128,0
55.11,24.93,1.2024777476530082,-0.4999204608353873,0.7942078181822039,0
113.11,37.61,-2.2562499347482268,0.2527659592195064,2.0034095172994584,0
100.23,31.38,1.5094576934076902,-0.9403027256038022,-1.6864035702007114,0
14.1,8.72,0.9994190326779112,-1.3923352732215795,-0.8703453409455932,0
33.94,19.64,0.346636196565839,-0.986038007033779,-0.3428256079482783,0
34.69,33.49,-1.2506960629882262,-1.1611536335709445,2.1780707720942174,0
51.24,1.37,-0.29225521544384025,-1.7353812670258022,-1.7138509731840488,0
40.87,20.38,0.22035182927354544,-1.8921719014570695,-2.966659417773955,0
64.83,2.88,-2.5884166322041997,-1.6347159064126533,-0.9558696492057249,0
166.32,44.18,-0.5739300079673577,-0.5170848530412412,-1.7997999289002116,0
96.4,34.32,0.6546766174823133,0.07457753175216153,1.8364911615848674,0
101.78,31.82,-0.561782494830015,-0.6498319577028946,-0.9265480805725728,0
0.25,18.25,-0.019468699077097074,-1.2463367933880218,0.7201033403014343,0
5.64,13.14,-0.24015281230749122,-1.298140160341676,-0.1741671912257412,0
97.55,8.61,-0.5461110027385696,-2.060236503456852,-1.3307809436470794,0
51.14,1.03,-0.25295169922576405,-2.206171258258826,-2.42355279876411,0
240.5,62.63,0.7870308368716137,-0.6472634773382389,-2.6148764811023897,0
14.25,22.96,-0.8533033068263332,-1.1542296199806268,1.1387284858179911,0
51.03,19.21,1.1418532448109715,-2.327373406523097,1.223197460809666,0
51.65,18.91,0.6764418164947713,-0.41946638776974565,-0.10218805077435267,0
77.06,30.54,0.6583925119224902,-0.8384387083404616,-0.197483077392419,0
31.7,25.61,-0.23937685150891483,-1.021022624373667,1.005693887932935,0
118.43,35.65,-0.2101669077919015,0.43700032432374214,1.7344748415923361,0
58.65,29.6,1.7666554892914357,-0.5746363414440465,1.4033218986606517,0
54.69,19.43,0.00946519402268165,-0.23114710540171146,0.31822496321334715,0
21.96,17.18,1.4067808557880386,-1.204296651835318,-0.7232653422536267,0
42.25,22.79,-1.8259842416276302,-2.2041923791070612,1.7934357281757904,0
39.95,0.96,1.1606990035971831,-1.5341338740963435,-1.7845176117199144,0
93.77,30.72,0.3788105294965933,-0.4471278277030183,-0.15157391240711127,0
222.28,56.57,1.1645834712019478,0.3535635927741767,-0.2218556266402718,0
158.48,41.48,-1.0359109850124564,-0.004530182189541487,-0.5773108753923452,0
6.36,23.13,1.1029277327426599,-1.4012427236229323,1.0097883727357313,0
51.32,32.13,1.2411473438787268,-0.8303520826147985,1.7347020204960195,0
28.25,6.99,-0.8979876415443887,-1.0497844658580264,0.503220788636604,0
28.06,15.82,2.414217312238733,-1.3179189715866082,-1.6853823692920389,0
52.72,29.64,-0.3775546564089599,-0.66412016399496,1.538856170925695,0
75.71,25.96,1.3798386997400571,-0.008098743080953152,1.050422148088957,0
33.2,18.52,0.42321237445701776,-1.19821428268846,-1.097202549573774,0
0.14,14.27,0.02925147970187543,-1.7416628563886456,-1.4359034204930925,0
39.74,23.7,-0.7150218680302427,-2.312391735963523,1.5576292428556147,0
75.97,26.57,-0.6053929239275391,-1.041566644592806,-1.5269428451618658,0
16.5,9.08,0.5068774563905613,-1.522761081809143,-0.9867730885815641,0
35.34,5.65,-0.2278879815506622,-1.9931124428964744,-1.8184104810546242,0
44.05,20.69,-1.137687456550734,-2.307601439455537,1.1753540662325708,0
54.38,29.11,-1.733826354483668,-0.6454098979559886,1.3718903580449604,0
206.63,53.19,-0.10735479071401643,0.08157082856136788,-0.7189659924678521,0
148.99,16.05,-0.14311573696377775,-3.097123016653903,-2.5364035122499757,0
159.7,22.99,-0.6119221214117702,-3.088039078287111,-3.3761949975661265,0
138.54,40.95,0.48500129152322796,-0.12816643961557528,0.1956564743340583,0
15.0,16.76,0.6084077537992262,-0.9971742913232994,0.14828046951143814,0
212.01,55.36,0.15964776940790298,0.13384567704091754,-0.4347429368657705,0
176.74,49.3,-0.9281426382790505,-0.3472317547134016,-0.8717470414077104,0
55.36,24.17,-1.3854282681144907,-0.7179817046371483,0.044065013026687305,0
76.48,26.3,-0.6302185531976071,-0.15086661728938977,0.7050480165017294,0
70.76,28.09,-0.5382361859911543,-0.26494131620035,1.1458040826873095,0
116.45,28.26,0.559577061510467,0.515924792419229,0.4447309121250733,0
111.02,34.5,0.5533635687726227,-0.07396759853953938,0.6001200782433593,0
10.14,13.77,0.06416712562467415,-1.0525032160807277,-0.3542832654876039,0
58.45,1.24,-1.6698676666737307,-1.9380648425257565,-1.7770268689932165,0
103.6,34.54,-1.632602745687323,0.18103146880982957,1.7238913070658737,0
107.89,47.84,-2.2481428867921633,-0.3173554082596618,3.0682080861936205,0
3.0,28.67,0.51651728439791,-1.7593886913348178,1.8545450050141552,0
25.46,21.43,0.6052237010182555,-0.9017246864180154,0.780959959488987,0
3.18,12.64,-0.5219067501050294,-1.9388334327685026,-2.490434872900532,0
118.71,31.61,-1.069960156592582,0.6184453071929544,1.3077008320257835,1
71.21,26.82,-0.8135303493662359,-0.2633800043832899,0.8451370073593807,0
223.36,56.25,-0.40863591253667014,0.3890276002403974,-0.26538698888598444,0
21.09,19.58,-0.37670042990356545,-0.9235961215966593,0.587275334024754,0
66.33,12.21,-0.6741905603382268,0.4430434906317531,2.516997330019575,1
87.12,28.52,0.1989496964833095,-0.5050802733713968,-0.37873742348240025,0
58.66,19.25,0.6283820360376229,-0.1753862437297694,0.18379899607769123,0
77.0,34.04,-1.0692868554188253,-0.3635238774429631,1.8092322005386592,0
80.66,32.8,-0.45310586798071245,-0.24596189871342378,1.624451185711591,0
12.89,16.75,-0.5496045846648339,-1.917909163516809,-2.1275894568281744,0
23.37,28.64,-0.3770441691342582,-1.280028635018241,1.4974957088430736,0
158.29,42.68,0.27899179474847396,-0.252305076398889,-0.9489845175765974,0
20.62,19.02,0.3450753769458505,-0.996326938846263,0.3026454395506404,0
23.27,15.59,-0.8404709356859309,-1.6612831325773914,0.4842332738938204,0
117.07,32.64,0.13227279049742133,0.43557222412037655,1.1559698467020052,0
29.67,7.05,0.3443557692879563,-1.5415666646863744,-0.6794455078356862,0
66.11,1.26,0.8965886542360184,-2.3879637520641896,-2.4887323669506163,0
274.09,41.95,-0.4702435923032813,-3.158008034341178,-0.7529543506389051,0
65.78,40.59,2.6450367904151584,-0.7866832210615249,2.817892622258192,0
137.52,40.16,1.2916352267604467,-0.5536096858140307,-1.0252194038127347,0
103.19,32.48,0.1494194735091969,-0.7975227968418285,-1.2526316156232238,0
76.75,28.45,1.1414643179722508,-0.14470002862883835,1.176151930675221,0
163.63,49.46,0.15725843678529833,-0.08398261630889436,0.6462560290147341,1
35.87,5.63,1.0080040042932596,-1.8656265582062304,-1.4572848271692413,0
173.09,47.22,-0.45379248516408377,0.28234041435942725,0.5381669085729284,0
51.13,29.05,-2.3702524800658122,-0.6396776480143089,1.5696787603329034,0
141.07,15.94,-0.08725601318294572,-2.292099221355941,-0.8940703402157799,0
22.98,16.84,-0.36391939348963653,-1.3372372930868524,-1.2058531801403345,0
46.5,26.13,-1.6376049174566718,-0.6593181817658418,1.1633798498909098,0
83.41,24.55,1.4394457151531361,0.06147635829782461,0.4574241621259951,0
2.11,22.72,1.1650321048394572,-1.5514073986821448,1.043767306718822,0
61.91,20.25,0.7613055634094525,-0.31279350067535194,-0.15406436216820563,0
14.88,24.07,-0.5925095652129303,-1.197327796539189,1.2292102827027156,0
85.99,29.68,0.3778292212221578,-1.0243682523690423,-1.4129766562373884,0
88.93,28.81,-0.17194793491127605,-0.005332675701751111,0.877176138998621,0
152.32,45.92,0.7404071223772372,-0.8325414289938458,-1.3921898610231676,0
187.07,49.24,0.43374922088634593,-0.6419757957214007,-2.2811975473319137,0
147.56,40.75,-1.8767187306827366,-0.7645029813317044,-2.056234309202954,0
70.64,25.34,0.6181091025405885,-0.41836504638003535,0.15292810280716185,0
177.92,49.77,-0.1165103783469821,-0.6926640413245104,-1.7421602852249571,0
95.78,29.75,-1.156978475142292,0.01812473167615214,0.7278006030767965,0
114.18,44.51,1.346669723754866,-0.031602917452642654,2.7043739323914,0
49.66,3.72,-0.38040725741084613,-1.9114813206125922,-1.1587460773798821,0
163.59,39.9,0.2954272865648849,1.124818391388212,1.7131321205192522,0
31.27,5.23,1.1470613778404304,-1.013015933338529,0.39850838293922064,0
64.63,30.27,-0.2795683042665431,-0.39092355259525746,1.665328014907134,0
9.93,20.62,-0.5895673839924012,-1.757825007491456,0.5215901743545415,0
124.63,40.78,2.765979614439267,0.39415030288300335,2.3665256008445166,0
29.72,8.61,-0.0001191485590934855,-1.6237436595696033,-0.5510143282694391,0
57.75,7.56,-0.5199750884075218,-2.111200569331279,-0.34904494517004814,0
49.45,14.38,-0.8595000398001769,-0.29935896067577183,-0.6439137467994023,0
37.02,28.58,0.3171469847104752,-0.9664308784769245,1.4725013912652094,0
6.82,12.66,0.5205530577324272,-1.1590209098642597,-0.6729267478444919,0
27.46,17.78,-1.0463548733703751,-1.2449824386662525,-1.0320744860309763,0
266.36,67.4,0.7754237330893744,0.3668012204709272,-0.49968078531252325,0
114.79,9.8,-0.629352099686685,-2.0821112695449244,-0.6004858337547494,0
70.24,19.09,0.502714891773257,-0.0654382128022627,-0.26662720138078266,0
120.39,37.35,-1.1377379958113922,-0.3128348431263912,0.029185889805466436,0
13.86,12.17,0.3314852620217588,-1.0098240274020092,-0.8188412542930716,0
1.08,9.28,1.4580252755643248,-0.8901312454953288,-0.22864602713082383,0
18.56,18.86,-1.216325832795099,-0.9882424397025105,0.41514720726292575,0
173.38,47.01,0.5794189828989692,-0.40147768297318887,-1.309756624117754,0
14.43,28.56,-0.5593299381372452,-1.3096302044503356,1.9448481238052726,0
30.25,25.34,0.05178385119895345,-0.8880244059719796,1.3807846335882945,0
148.79,42.91,1.3414319753737025,0.38371187726023614,1.3373387527261027,0
83.9,32.78,0.7800702973910638,-0.18609097130946128,1.5783542528650134,0
118.96,47.39,0.2635467405781687,0.8826369735499812,-0.823368297463615,1
64.08,34.17,0.5469610954632903,-0.5927732867186455,2.024382590625185,0
19.3,7.86,0.29760494279712235,-1.689718577907893,-1.5192353105457526,0
118.9,35.39,-0.503504161887299,-0.2447303787664704,-0.12940657271334588,0
161.04,21.66,0.443523738462415,-2.962631259149604,-2.6788415584982244,0
31.67,40.6,1.5351487200075487,-1.362538559877212,3.3895987356398942,0
47.23,19.64,0.7847815840141892,-1.1143512394991006,-1.4848070118366241,0
139.32,40.53,1.0668700883760402,-0.021846232098854834,0.3342259654914106,0
119.16,35.91,-0.22565670321806863,0.3984285419624598,1.6454146355260373,0
30.18,6.72,0.8802850789837808,-1.8780528546814155,-1.5974130883618893,0
36.2,23.46,-1.5272956904278092,-0.8980443372844997,0.5819810152004774,0
21.24,13.43,-0.08152282681934891,-1.6057889063402397,0.035050220017894596,0
119.61,11.84,1.939988391476335,-2.175213621673185,-0.9952892523538776,0
19.58,26.96,-1.0372657409627284,-1.218709006512707,1.520738281234192,0
220.87,59.27,0.3593025800857549,0.0043775271969448415,-0.45840430955553935,0
187.91,25.21,-0.6528084841698033,-2.066587961859063,0.5156362970385713,0
10.12,18.83,-0.49435433785671684,-1.2417268129860282,0.2586515851236798,0
10.76,28.85,1.2126082374204565,-1.4209914820500127,1.9405745391875144,0
122.85,39.83,0.8280660763723794,-0.35898691170011676,0.3020020663117542,0
118.67,41.39,-0.4691413650790981,0.25061433973558844,2.4859282866055548,0
3.73,10.9,0.8618168032188236,-1.6521704258020793,-1.7023871903946606,0
67.83,40.11,1.6263804056686328,-0.7738705523951624,2.621597285621645,0
17.01,5.35,-0.14428794263673994,-0.8056785210443472,0.09914793597510885,0
64.59,25.74,0.4879054450741863,-0.48470347538870673,0.43513774952909157,0
10.87,17.99,1.4903794701929813,-1.5197507418281364,0.6250134614727165,0
73.74,26.03,-0.4262685566764252,-0.5129853402012301,-0.13227313130162233,0
